<?xml version="1.0" encoding="ISO-8859-15"?>
<uc-export clientvers="11.2.0+build.8521">
<DOCU name="PCK.AUTOMIC_RPM.PUB.DOC">
<HEADER state="1">
<Title/>
<ArchiveKey1/>
<ArchiveKey2/>
<OH_SubType/>
</HEADER>
<DOCU_Docu state="1" type="text">
<DOC><![CDATA[The actions install, upgrade, remove and query installed packages on your UNIX host. The RPM runbook functions are in general wrappers around the rpm command line tool.

=Rollback=

The actions getting some system information don't need rollbacks, because they do not change the state of your system. Such a method is QUERY.

Actions potentially changing the state of your system (INSTALL, REMOVE) do not have rollbacks defined yet.
]]></DOC>
</DOCU_Docu>
</DOCU>
</uc-export>